{
  "roc_auc": 0.8082386363636365,
  "pr_auc": 0.48108477227163293,
  "report": {
    "0": {
      "precision": 0.9428571428571428,
      "recall": 0.75,
      "f1-score": 0.8354430379746836,
      "support": 44.0
    },
    "1": {
      "precision": 0.56,
      "recall": 0.875,
      "f1-score": 0.6829268292682927,
      "support": 16.0
    },
    "accuracy": 0.7833333333333333,
    "macro avg": {
      "precision": 0.7514285714285714,
      "recall": 0.8125,
      "f1-score": 0.7591849336214882,
      "support": 60.0
    },
    "weighted avg": {
      "precision": 0.8407619047619048,
      "recall": 0.7833333333333333,
      "f1-score": 0.7947720489863126,
      "support": 60.0
    }
  },
  "confusion_matrix": [
    [
      33,
      11
    ],
    [
      2,
      14
    ]
  ]
}